optimizer,direction_seed,epsilon,sign,loss,baseline_loss,delta_loss
adamw,2026,0.001,1,0.2254931665956974,0.22532904148101807,0.00016412511467933655
adamw,2026,0.001,-1,0.22516666539013386,0.22532904148101807,-0.00016237609088420868
adamw,2026,0.003,1,0.2258287314325571,0.22532904148101807,0.0004996899515390396
adamw,2026,0.003,-1,0.22484571812674403,0.22532904148101807,-0.0004833233542740345
adamw,2026,0.01,1,0.22711663926020265,0.22532904148101807,0.0017875977791845798
adamw,2026,0.01,-1,0.22381618386134505,0.22532904148101807,-0.0015128576196730137
adamw,2026,0.03,1,0.23152692895382643,0.22532904148101807,0.006197887472808361
adamw,2026,0.03,-1,0.22202215855941176,0.22532904148101807,-0.0033068829216063023
adamw,2026,0.1,1,0.2595795299857855,0.22532904148101807,0.03425048850476742
adamw,2026,0.1,-1,0.23042488447390497,0.22532904148101807,0.005095842992886901
adamw,2027,0.001,1,0.2254605577327311,0.22532904148101807,0.0001315162517130375
adamw,2027,0.001,-1,0.2251946828328073,0.22532904148101807,-0.00013435864821076393
adamw,2027,0.003,1,0.2257123114541173,0.22532904148101807,0.0003832699730992317
adamw,2027,0.003,-1,0.22491786442697048,0.22532904148101807,-0.00041117705404758453
adamw,2027,0.01,1,0.22646984364837408,0.22532904148101807,0.0011408021673560143
adamw,2027,0.01,-1,0.22388464212417603,0.22532904148101807,-0.001444399356842041
adamw,2027,0.03,1,0.22766546020284295,0.22532904148101807,0.0023364187218248844
adamw,2027,0.03,-1,0.22053831443190575,0.22532904148101807,-0.00479072704911232
adamw,2027,0.1,1,0.23046621587127447,0.22532904148101807,0.005137174390256405
adamw,2027,0.1,-1,0.21541780838742852,0.22532904148101807,-0.009911233093589544
adamw,2028,0.001,1,0.22541036689653993,0.22532904148101807,8.132541552186012e-05
adamw,2028,0.001,-1,0.22524820500984788,0.22532904148101807,-8.0836471170187e-05
adamw,2028,0.003,1,0.22557396162301302,0.22532904148101807,0.00024492014199495316
adamw,2028,0.003,-1,0.22508985688909888,0.22532904148101807,-0.00023918459191918373
adamw,2028,0.01,1,0.22617423487827182,0.22532904148101807,0.0008451933972537518
adamw,2028,0.01,-1,0.22457008063793182,0.22532904148101807,-0.0007589608430862427
adamw,2028,0.03,1,0.22781952982768416,0.22532904148101807,0.0024904883466660976
adamw,2028,0.03,-1,0.2233150228857994,0.22532904148101807,-0.0020140185952186584
adamw,2028,0.1,1,0.23410278279334307,0.22532904148101807,0.008773741312325
adamw,2028,0.1,-1,0.22580866515636444,0.22532904148101807,0.0004796236753463745
adamw,2029,0.001,1,0.2256321688182652,0.22532904148101807,0.00030312733724713326
adamw,2029,0.001,-1,0.22502440307289362,0.22532904148101807,-0.00030463840812444687
adamw,2029,0.003,1,0.22623141994699836,0.22532904148101807,0.0009023784659802914
adamw,2029,0.003,-1,0.2244091066531837,0.22532904148101807,-0.0009199348278343678
adamw,2029,0.01,1,0.22830854915082455,0.22532904148101807,0.0029795076698064804
adamw,2029,0.01,-1,0.222259733825922,0.22532904148101807,-0.003069307655096054
adamw,2029,0.03,1,0.2338254526257515,0.22532904148101807,0.008496411144733429
adamw,2029,0.03,-1,0.21606531459838152,0.22532904148101807,-0.009263726882636547
adamw,2029,0.1,1,0.25371224619448185,0.22532904148101807,0.028383204713463783
adamw,2029,0.1,-1,0.2024423759430647,0.22532904148101807,-0.022886665537953377
adamw,2030,0.001,1,0.22530263382941484,0.22532904148101807,-2.6407651603221893e-05
adamw,2030,0.001,-1,0.22535126330330968,0.22532904148101807,2.2221822291612625e-05
adamw,2030,0.003,1,0.225247903726995,0.22532904148101807,-8.11377540230751e-05
adamw,2030,0.003,-1,0.22538691153749824,0.22532904148101807,5.7870056480169296e-05
adamw,2030,0.01,1,0.22496731905266643,0.22532904148101807,-0.0003617224283516407
adamw,2030,0.01,-1,0.22541940910741687,0.22532904148101807,9.03676263988018e-05
adamw,2030,0.03,1,0.22352827666327357,0.22532904148101807,-0.0018007648177444935
adamw,2030,0.03,-1,0.22497127065435052,0.22532904148101807,-0.0003577708266675472
adamw,2030,0.1,1,0.22342676669359207,0.22532904148101807,-0.0019022747874259949
adamw,2030,0.1,-1,0.2271208232268691,0.22532904148101807,0.0017917817458510399
adamw,2031,0.001,1,0.2253044694662094,0.22532904148101807,-2.4572014808654785e-05
adamw,2031,0.001,-1,0.22535234736278653,0.22532904148101807,2.3305881768465042e-05
adamw,2031,0.003,1,0.2252522148191929,0.22532904148101807,-7.682666182518005e-05
adamw,2031,0.003,-1,0.22538959328085184,0.22532904148101807,6.055179983377457e-05
adamw,2031,0.01,1,0.22504567401483655,0.22532904148101807,-0.00028336746618151665
adamw,2031,0.01,-1,0.22545606177300215,0.22532904148101807,0.00012702029198408127
adamw,2031,0.03,1,0.22432466968894005,0.22532904148101807,-0.0010043717920780182
adamw,2031,0.03,-1,0.225192466750741,0.22532904148101807,-0.00013657473027706146
adamw,2031,0.1,1,0.22520376346074045,0.22532904148101807,-0.00012527802027761936
adamw,2031,0.1,-1,0.2465755483135581,0.22532904148101807,0.021246506832540035
adamw,2032,0.001,1,0.22559979278594255,0.22532904148101807,0.00027075130492448807
adamw,2032,0.001,-1,0.22506368346512318,0.22532904148101807,-0.00026535801589488983
adamw,2032,0.003,1,0.22615678003057837,0.22532904148101807,0.0008277385495603085
adamw,2032,0.003,-1,0.2245395565405488,0.22532904148101807,-0.000789484940469265
adamw,2032,0.01,1,0.22825151309370995,0.22532904148101807,0.0029224716126918793
adamw,2032,0.01,-1,0.22281312150880694,0.22532904148101807,-0.0025159199722111225
adamw,2032,0.03,1,0.2352087707258761,0.22532904148101807,0.009879729244858027
adamw,2032,0.03,-1,0.21880774525925517,0.22532904148101807,-0.006521296221762896
adamw,2032,0.1,1,0.2644501132890582,0.22532904148101807,0.03912107180804014
adamw,2032,0.1,-1,0.21190474461764097,0.22532904148101807,-0.013424296863377094
adamw,2033,0.001,1,0.22562031541019678,0.22532904148101807,0.00029127392917871475
adamw,2033,0.001,-1,0.22503910772502422,0.22532904148101807,-0.0002899337559938431
adamw,2033,0.003,1,0.2262067305855453,0.22532904148101807,0.000877689104527235
adamw,2033,0.003,-1,0.22446484584361315,0.22532904148101807,-0.0008641956374049187
adamw,2033,0.01,1,0.22827406786382198,0.22532904148101807,0.002945026382803917
adamw,2033,0.01,-1,0.22256636479869485,0.22532904148101807,-0.0027626766823232174
adamw,2033,0.03,1,0.23420123383402824,0.22532904148101807,0.008872192353010178
adamw,2033,0.03,-1,0.2181880478747189,0.22532904148101807,-0.007140993606299162
adamw,2033,0.1,1,0.25312048476189375,0.22532904148101807,0.027791443280875683
adamw,2033,0.1,-1,0.22007350716739893,0.22532904148101807,-0.005255534313619137
muon,2026,0.001,1,0.3199094394221902,0.3198715467005968,3.7892721593379974e-05
muon,2026,0.001,-1,0.31982799619436264,0.3198715467005968,-4.3550506234169006e-05
muon,2026,0.003,1,0.31996812764555216,0.3198715467005968,9.658094495534897e-05
muon,2026,0.003,-1,0.31973253935575485,0.3198715467005968,-0.0001390073448419571
muon,2026,0.01,1,0.32012084499001503,0.3198715467005968,0.0002492982894182205
muon,2026,0.01,-1,0.3192890025675297,0.3198715467005968,-0.000582544133067131
muon,2026,0.03,1,0.3213945496827364,0.3198715467005968,0.0015230029821395874
muon,2026,0.03,-1,0.31750517524778843,0.3198715467005968,-0.00236637145280838
muon,2026,0.1,1,0.33768875524401665,0.3198715467005968,0.017817208543419838
muon,2026,0.1,-1,0.31173382606357336,0.3198715467005968,-0.008137720637023449
muon,2027,0.001,1,0.32002243772149086,0.3198715467005968,0.0001508910208940506
muon,2027,0.001,-1,0.3197053577750921,0.3198715467005968,-0.00016618892550468445
muon,2027,0.003,1,0.320252881385386,0.3198715467005968,0.00038133468478918076
muon,2027,0.003,-1,0.3193547483533621,0.3198715467005968,-0.000516798347234726
muon,2027,0.01,1,0.3208109801635146,0.3198715467005968,0.0009394334629178047
muon,2027,0.01,-1,0.3181775454431772,0.3198715467005968,-0.0016940012574195862
muon,2027,0.03,1,0.3234989196062088,0.3198715467005968,0.003627372905611992
muon,2027,0.03,-1,0.31555801536887884,0.3198715467005968,-0.004313531331717968
muon,2027,0.1,1,0.3257984984666109,0.3198715467005968,0.005926951766014099
muon,2027,0.1,-1,0.31356904096901417,0.3198715467005968,-0.006302505731582642
muon,2028,0.001,1,0.3199127782136202,0.3198715467005968,4.1231513023376465e-05
muon,2028,0.001,-1,0.3198270630091429,0.3198715467005968,-4.4483691453933716e-05
muon,2028,0.003,1,0.31998457573354244,0.3198715467005968,0.00011302903294563293
muon,2028,0.003,-1,0.3197343563660979,0.3198715467005968,-0.0001371903344988823
muon,2028,0.01,1,0.32011787686496973,0.3198715467005968,0.000246330164372921
muon,2028,0.01,-1,0.3193415328860283,0.3198715467005968,-0.0005300138145685196
muon,2028,0.03,1,0.3201612839475274,0.3198715467005968,0.0002897372469305992
muon,2028,0.03,-1,0.3175279088318348,0.3198715467005968,-0.0023436378687620163
muon,2028,0.1,1,0.32374583976343274,0.3198715467005968,0.0038742930628359318
muon,2028,0.1,-1,0.31036788411438465,0.3198715467005968,-0.009503662586212158
muon,2029,0.001,1,0.31979008950293064,0.3198715467005968,-8.145719766616821e-05
muon,2029,0.001,-1,0.31993383541703224,0.3198715467005968,6.228871643543243e-05
muon,2029,0.003,1,0.319603081792593,0.3198715467005968,-0.00026846490800380707
muon,2029,0.003,-1,0.319975009188056,0.3198715467005968,0.00010346248745918274
muon,2029,0.01,1,0.31915375776588917,0.3198715467005968,-0.0007177889347076416
muon,2029,0.01,-1,0.3202319871634245,0.3198715467005968,0.0003604404628276825
muon,2029,0.03,1,0.3185236807912588,0.3198715467005968,-0.0013478659093379974
muon,2029,0.03,-1,0.3222454567439854,0.3198715467005968,0.002373910043388605
muon,2029,0.1,1,0.32238250970840454,0.3198715467005968,0.0025109630078077316
muon,2029,0.1,-1,0.33967220690101385,0.3198715467005968,0.019800660200417042
muon,2030,0.001,1,0.31973251700401306,0.3198715467005968,-0.00013902969658374786
muon,2030,0.001,-1,0.3200085014104843,0.3198715467005968,0.00013695470988750458
muon,2030,0.003,1,0.3194482661783695,0.3198715467005968,-0.0004232805222272873
muon,2030,0.003,-1,0.3202840704470873,0.3198715467005968,0.0004125237464904785
muon,2030,0.01,1,0.3183836108073592,0.3198715467005968,-0.0014879358932375908
muon,2030,0.01,-1,0.3212603535503149,0.3198715467005968,0.0013888068497180939
muon,2030,0.03,1,0.31661147251725197,0.3198715467005968,-0.003260074183344841
muon,2030,0.03,-1,0.32409895956516266,0.3198715467005968,0.004227412864565849
muon,2030,0.1,1,0.3150525949895382,0.3198715467005968,-0.004818951711058617
muon,2030,0.1,-1,0.3303363285958767,0.3198715467005968,0.010464781895279884
muon,2031,0.001,1,0.31965908594429493,0.3198715467005968,-0.00021246075630187988
muon,2031,0.001,-1,0.3200793182477355,0.3198715467005968,0.00020777154713869095
muon,2031,0.003,1,0.31922887079417706,0.3198715467005968,-0.000642675906419754
muon,2031,0.003,-1,0.3204882852733135,0.3198715467005968,0.000616738572716713
muon,2031,0.01,1,0.31784350890666246,0.3198715467005968,-0.0020280377939343452
muon,2031,0.01,-1,0.32183858193457127,0.3198715467005968,0.001967035233974457
muon,2031,0.03,1,0.31471630558371544,0.3198715467005968,-0.0051552411168813705
muon,2031,0.03,-1,0.3245195671916008,0.3198715467005968,0.00464802049100399
muon,2031,0.1,1,0.3117092754691839,0.3198715467005968,-0.008162271231412888
muon,2031,0.1,-1,0.3240301813930273,0.3198715467005968,0.004158634692430496
muon,2032,0.001,1,0.31989138200879097,0.3198715467005968,1.983530819416046e-05
muon,2032,0.001,-1,0.31985044572502375,0.3198715467005968,-2.1100975573062897e-05
muon,2032,0.003,1,0.31993647292256355,0.3198715467005968,6.492622196674347e-05
muon,2032,0.003,-1,0.3197987237945199,0.3198715467005968,-7.282290607690811e-05
muon,2032,0.01,1,0.32028501108288765,0.3198715467005968,0.00041346438229084015
muon,2032,0.01,-1,0.3196626342833042,0.3198715467005968,-0.0002089124172925949
muon,2032,0.03,1,0.32155580539256334,0.3198715467005968,0.0016842586919665337
muon,2032,0.03,-1,0.32103181630373,0.3198715467005968,0.0011602696031332016
muon,2032,0.1,1,0.3207967560738325,0.3198715467005968,0.0009252093732357025
muon,2032,0.1,-1,0.3442048095166683,0.3198715467005968,0.02433326281607151
muon,2033,0.001,1,0.31988620571792126,0.3198715467005968,1.4659017324447632e-05
muon,2033,0.001,-1,0.31985526345670223,0.3198715467005968,-1.6283243894577026e-05
muon,2033,0.003,1,0.3199062179774046,0.3198715467005968,3.4671276807785034e-05
muon,2033,0.003,-1,0.319822633638978,0.3198715467005968,-4.891306161880493e-05
muon,2033,0.01,1,0.3199298260733485,0.3198715467005968,5.82793727517128e-05
muon,2033,0.01,-1,0.3197214128449559,0.3198715467005968,-0.00015013385564088821
muon,2033,0.03,1,0.3212575800716877,0.3198715467005968,0.001386033371090889
muon,2033,0.03,-1,0.319677853025496,0.3198715467005968,-0.00019369367510080338
muon,2033,0.1,1,0.3302934356033802,0.3198715467005968,0.010421888902783394
muon,2033,0.1,-1,0.32623019255697727,0.3198715467005968,0.006358645856380463
